Property, Num Usages, Num Boolean Usages, %Boolean, Known Property, Is Set
multioffice.admin.role.name,2,0,0,true,false
mcedt.service.pass,2,0,0,true,false
plugins,0,0,,true,true
util.erx.oscarerx_sso_url,1,0,0,true,false
rx.drugofchoice.hide,2,2,100,true,true
vendorBusinessName,3,0,0,true,false
spire_server_hostname,1,0,0,true,false
TIME_FORMAT,1,0,0,true,false
label.1no,1,0,0,true,false
PREVENTION_CONFIG_SETS,2,1,50,true,false
PREVENTION_ITEMS,2,1,50,true,false
isSpecialist,1,1,100,false,
spire_server_password,1,0,0,true,false
util.erx.enabled,3,3,100,true,false
billcenter,6,2,33,true,false
billRegion,2,0,0,false,
caisi.require_observation_date,1,0,0,false,
ALERT_POLL_FREQUENCY,1,0,0,true,false
NEW_CONTACTS_UI,6,6,100,true,false
born_eform_ndds24m,1,0,0,true,false
born_eform_ndds12m,1,0,0,true,false
MEASUREMENT_DS_HTML_DIRECTORY,5,0,0,true,false
USE_NEW_ECHART,1,0,0,true,true
echart.cpp.single_line,1,1,100,false,
encPrintOnly,1,1,100,false,
/oscar_mcmaster.properties,1,0,0,false,
significantConcurrentProblemsTitle,6,3,50,false,
l7_a04_sent_dir,0,0,,true,false
version,3,0,0,true,false
ORN_PILOT,3,3,100,true,false
ldap.authMethod,0,0,,true,false
password_group_special,2,0,0,true,false
CONSULTATION_LOCK_REFERRAL_DATE,3,3,100,true,true
pmm.refer.temporaryAdmission.enabled,7,7,100,true,true
eform_generator_indivica_fax_enabled,3,3,100,true,false
ColourClass,1,0,0,false,
util.erx.clinic_username,2,0,0,true,false
BASE_DOCUMENT_DIR,2,0,0,true,false
label.left,1,0,0,true,false
group_billing,0,0,,true,true
TOGGLE_REASON_BY_PROVIDER,1,1,100,false,
hcv.logging.skip,1,1,100,true,true
pathnet_url,1,0,0,true,false
clinic_billing_phone,2,0,0,true,false
db_validationQuery,0,0,,true,false
iviewTag,1,0,0,false,
ongoingConcerns,6,3,50,false,
note_program_ui_enabled,9,9,100,false,
oscarrx.medrec,1,1,100,false,
isMRefDocSelectList,3,3,100,false,
rx_watermark_file_name,0,0,,true,false
visit_type,4,0,0,true,false
mcedt.service.user,3,0,0,true,false
ENABLE_APPT_DOC_COLOR,1,1,100,false,
lab_req_override,2,2,100,true,true
casemgmt.note.password.enabled,1,1,100,true,true
BILLING_NOTE,2,0,0,false,
born18m_orgcode,2,0,0,true,false
password_pin_min_length,8,0,0,true,false
security.token.key,1,0,0,false,
EMERALD_HL7_A04_TRANSPORT_ADDR,1,0,0,false,
oscar.measurements.hl7.defaultProviderNo,1,0,0,false,
ECHART_SIGN_LINE,1,0,0,true,false
appt_pregnancy,1,1,100,false,
referral_no.pattern,1,0,0,true,false
olis_request_url,5,4,80,true,false
SHOW_FILE_IMPORT_SEARCH,1,1,100,false,
appt_intake_form,2,2,100,true,false
eaaps.ws.host,1,0,0,false,
QR_CODE_ERROR_CORRECTION_LEVEL,1,0,0,true,false
DX_QUICK_LIST_DEFAULT,1,0,0,true,false
default_bill_center,2,0,0,true,false
born_sftp_username,0,0,,true,false
hsfo2.webServiceURL,1,0,0,false,
DOCS_NEW_ECHART,1,0,0,false,
APPT_SHOW_SHORT_LETTERS,2,2,100,false,
prenatal_screening_name,2,0,0,true,false
email.port,0,0,,true,false
db_username,5,0,0,true,false
OLIS_PROCESSING_ID,1,0,0,true,false
logintitle,6,3,50,true,false
useDemoClinicInfoOnInvoice,2,0,0,true,true
ORN_PILOT_USER,1,0,0,false,
multioffice.formalize.doctor.maximum.provider.id,4,0,0,true,false
GET_OHIP_INFO,5,5,100,true,true
USE_NEW_PATIENT_CONSENT_MODULE,10,10,100,true,true
rx_enhance,7,4,57,true,false
faxEnable,8,8,100,true,false
admin.hph,1,1,100,true,false
ECT_SAVE_FEEDBACK_TIMER,1,0,0,true,false
emailApptReminder,1,0,0,false,
new_eyeform_enabled,2,2,100,false,
daysheet_dob,2,2,100,false,
born_eform_ndds15m,1,0,0,true,false
mcedt.last.downloadedID.file,2,0,0,true,false
batch_pdf_provider_no,1,0,0,false,
caisi.new_client.strict_search,1,0,0,true,false
label.3no,1,0,0,true,false
mcedt.service.id,5,0,0,true,false
OMD_stored,1,0,0,true,false
quick_chart_size,0,0,,true,false
enable_wait_list_email_notifications,2,2,100,true,false
clinic_view,12,0,0,true,false
encounter.hide_notes_with_issue,1,0,0,false,
password_min_length,10,0,0,true,false
hl7_a04_sent_dir,1,0,0,false,
lab_req_provider,4,2,50,true,false
wait_list_email_notification_period,2,0,0,true,false
hibernate.generate_statistics,0,0,,true,false
MEASUREMENT_DS_DIRECTORY,8,0,0,true,false
TOMCAT_TRUSTSTORE_PASSWORD,3,0,0,true,false
MFH_UFC_EXPORT,1,0,0,false,
ldap.baseDn,1,0,0,true,false
rx.delete_drug.hide,3,3,100,false,
allowMultipleSameDayGroupAppt,8,8,100,true,true
security_site_control,1,1,100,false,
olis_truststore_password,1,0,0,true,false
hsfo.webServiceURL,1,0,0,true,false
oscar_myoscar_clinic_component_url,3,0,0,true,false
schedule_templatecode,0,0,,true,true
rx.profile_legend.hide,1,1,100,false,
spire_server_user,1,0,0,true,false
CML_UPLOAD_KEY,1,0,0,false,
HOME_DIR,17,0,0,true,false
ONEDT_OUTBOX,11,0,0,true,false
olis_simulate,2,2,100,true,false
hospital_view,3,0,0,false,
CONSULT_PRINT_PDF,1,1,100,false,
PGP_CMD,1,0,0,true,false
buildDateTime,4,0,0,true,false
mcedt.service.conformanceKey,2,0,0,true,false
eform_generator_indivica_signature_enabled,1,1,100,true,false
form_intake_program_access_service_id,1,0,0,true,false
DEMOGRAPHIC_PATIENT_CLINIC_STATUS,2,2,100,true,true
OMD_HRM_DECRYPTION_KEY,2,0,0,false,
db_type,5,0,0,true,false
enableFax,1,1,100,false,
OMD_log_directory,1,0,0,true,false
QR_CODE_IMAGE_SCALE_FACTOR,1,0,0,true,false
label.2no,1,0,0,true,false
pathnet_username,1,0,0,true,false
health_tracker,1,1,100,true,false
consultation_comments,1,0,0,false,
orn.email.subject,1,0,0,false,
myoscar_server_base_url,1,0,0,true,false
multioffice.formalize.provider.id,1,1,100,true,false
buildtag,1,0,0,true,false
labs.hide_old_grid_display,1,1,100,false,
with_admin_option,1,1,100,false,
SPIRE_CLIENT_ENABLED,1,1,100,false,
util.erx.clinic_locale,1,0,0,true,false
eaaps.pass,1,0,0,false,
RX_INTERACTION_LOCAL_DRUGREF_REGIONAL_IDENTIFIER,1,1,100,true,false
ENABLE_ACCOUNT_LOCKING,1,1,100,false,
DEMOGRAPHIC_PATIENT_ROSTERING,1,1,100,true,true
billing_pCode_E411A,1,0,0,false,
default_view,23,0,0,true,false
medicalHistory,6,3,50,false,
moh_file_management_enabled,4,4,100,true,false
demographicExtJScript,4,2,50,false,
clinicSatelliteCity,7,1,14,false,
province_names,3,2,66,true,false
save_as_xml,1,0,0,true,true
born18m_sftp_username,0,0,,true,false
referral_no.msg,1,0,0,true,false
redirectstudysite_default_username,1,0,0,true,false
consultation_signature_enabled,1,1,100,true,true
label.top,1,0,0,true,false
redirectstudysite_default_baseURL,1,0,0,true,false
MYDRUGREF_DS,5,5,100,true,true
print.includeMRP,1,1,100,true,true
vendorCommonName,3,0,0,true,false
eform_generator_indivica_print_enabled,3,3,100,true,false
num_loaded_notes,1,0,0,false,
demographicLabelDoctor,8,4,50,false,
NEW_DAY_SHEET_STYLE,1,1,100,false,
LOGINTEST,4,4,100,false,
REDIRECT_TRACKING_DATA_RETENTION_MILLIS,0,0,,true,false
DEMOGRAPHIC_PROGRAM_ADMISSIONS,2,2,100,false,
consultation_indivica_attachment_enabled,4,4,100,true,false
inPatient,1,0,0,true,false
appt_formview_name2,2,0,0,false,
RX_FOOTER,6,3,50,true,false
DX_QUICK_LIST_BILLING_REVIEW,2,2,100,true,true
loginlogo,2,1,50,true,false
label.5no,1,0,0,true,false
spire_client_run_frequency,1,0,0,false,
login_max_duration,2,0,0,true,false
signature_tablet,2,2,100,true,true
form_intake_program_cash_service_id,1,0,0,true,false
EXTRA_DEMO_FIELDS,6,3,50,false,
tomcat_path,4,0,0,true,false
HL7_RECEIVING_APPLICATION,1,0,0,false,
hcv.service.url,1,0,0,true,false
hsfo.userID,1,0,0,true,false
util.erx.software,1,0,0,true,false
odb_formulary_file,2,0,0,true,false
hcv.keystore.user,1,0,0,true,false
multioffice.formalize.doctor.minimum.provider.id,4,0,0,true,false
BILLING_SUPERUSER,3,3,100,true,false
util.erx.synchronize_interval,1,0,0,true,false
born18m_upload_hour,1,0,0,true,false
INTEGRATOR_LOGGING_ENABLED,1,1,100,true,false
tickler_email_subject,1,0,0,true,false
ldap.authorization,0,0,,true,false
SHOW_APPT_TYPE_WITH_REASON,1,1,100,false,
fax_file_location,3,0,0,true,false
onare_labreqver,9,0,0,true,false
encounter.hide_document_notes,1,1,100,false,
eaaps.host,1,0,0,false,
decision_support_dir,1,0,0,true,false
email.connection_security,0,0,,true,false
mrp_model,2,2,100,true,true
softwareCommonName,3,0,0,true,false
DOCUMENT_DIR,119,3,2,true,false
billingRefBoxDefault,1,1,100,false,
DEMOGRAPHIC_WAITING_LIST,2,2,100,true,true
born_eform_ndds6m,1,0,0,true,false
billregion,60,31,51,true,true
label.height,1,0,0,true,false
hsfo2.userID,1,0,0,false,
caisi.registration_intake.updateMRPOnSave,1,0,0,true,true
born_eform_ndds6y,1,0,0,true,false
SHOW_APPT_REASON,2,2,100,true,true
CBI_WS_URL,1,0,0,true,false
MYOSCAR_SYMPTOM_CHECKLIST_REPORT_TEMPLATE_NAME,0,0,,true,false
DEMOGRAPHIC_PATIENT_HEALTH_CARE_TEAM,6,5,83,true,false
search.searchName.addLeadingWildcard,0,0,,true,false
demographicLabelProvince,6,3,50,false,
AbandonOldChart,10,10,100,false,
db_max_wait,0,0,,true,false
PING-SERVER,1,0,0,false,
INVOICE_DIR,1,0,0,true,false
ckd_flowsheet,2,0,0,true,false
born_eform_ndds9m,1,0,0,true,false
clinicSatellitePhone,6,0,0,false,
enable_rx_watermark,0,0,,true,false
mcedt.mailbox.enabled,2,2,100,true,true
osdsfRPCURL,3,0,0,true,false
TOMCAT_KEYSTORE_FILE,3,0,0,true,false
CBI_WS_CLIENT_QNAME_URL,1,0,0,true,false
resident_review,2,2,100,true,true
E2E_DIFF,1,0,0,true,true
security.token.manager,1,0,0,false,
orn.email.from,1,0,0,false,
PGP_BIN,1,0,0,true,false
label.4no,1,0,0,true,false
dxResearch_coding_sys,2,0,0,true,false
hcv.keystore.pass,1,0,0,true,false
OMD_hrm,1,0,0,true,false
FORCED_ROSTER_INTEGRATOR_LOCAL_STORE,1,1,100,true,true
rx_strict_med_term,4,4,100,true,false
encounter.hide_eform_notes,1,1,100,false,
rx.enable_internal_dispensing,4,4,100,true,false
PHR,4,4,100,false,
INTEGRATOR_SLEEP_ON_ERROR,0,0,,true,false
olis_response_schema,3,1,33,true,false
born18m_eform_report18m,6,0,0,true,false
mcedt.enabled,0,0,,true,false
CASEMANAGEMENT,3,2,66,true,false
Spire_LABS,1,0,0,false,
SKIP_REFERRAL_NO_CHECK,1,0,0,false,
appt_formview_name,2,0,0,false,
confidentiality_statement.v2,0,0,,true,false
ocan.iar.password,1,0,0,true,false
confidentiality_statement.v1,0,0,,true,false
decision_support_files,1,0,0,true,false
displayAlertsOnScheduleScreen,2,2,100,true,false
PGP_ENV,1,0,0,true,false
hsfo.xmlVersionDate,1,0,0,true,false
web_service_client.connection_timeout_ms,1,0,0,true,false
APPT_SHOW_FULL_NAME,1,1,100,false,
log_accesses_of_program,1,1,100,false,
eform_databaseap_config,1,0,0,true,false
AdtA09Handler.CHECK_IN_EARLY_ALLOWANCE,0,0,,true,false
consultation_program_letterhead_enabled,4,4,100,false,
encounter.hide_invoices,1,1,100,true,true
LAB_NOMATCH_NAMES,2,2,100,true,true
hsfo2.generategraph.dir,1,0,0,false,
Vendor_Product,1,0,0,true,false
wait_list_email_notification_program_ids,1,0,0,true,false
util.erx.clinic_facility_id,3,0,0,true,false
logintext,2,1,50,true,false
CPP,2,2,100,false,
hibernate.dialect,1,0,0,true,false
hhs.emr.handler.accession.use_order_number,1,0,0,false,
BCAR_hospital,10,5,50,false,
SOB_CHECKALL,1,1,100,true,true
inactive_statuses,8,0,0,true,false
hctype,1,0,0,true,true
eaaps.clinic,2,0,0,false,
oscarClinic,18,18,100,false,
clinicaid_api_key,1,0,0,true,false
host,0,0,,true,false
Support_Contact,1,0,0,true,false
lab.hhsemr.filter_ordering_provider,1,1,100,false,
HELP_SEARCH_URL,1,0,0,true,false
mcedt.service.url,2,0,0,true,false
oscarMeasurement_css_upload_path,2,0,0,true,false
privateConsentPrograms,4,0,0,true,false
HL7TEXT_LABS,7,1,14,true,false
WCB_FORM_REQUIRED_CODES,1,0,0,true,false
clinic_logo,1,0,0,false,
born_sftp_remote_dir,1,0,0,true,false
eform_in_appointment,1,1,100,true,true
versionDate,0,0,,true,false
HL7_A04_GENERATION,1,1,100,true,false
TORONTO_RFQ,54,54,100,true,false
softwareName,3,0,0,true,false
currentMedicationsTitle,6,3,50,false,
password_min_groups,2,0,0,true,false
ckd_notification_scheme,5,4,80,true,false
drugref_url,1,0,0,true,false
password_group_digits,3,0,0,true,false
eaaps.ws.user,1,0,0,false,
INTEGRATOR_THROTTLE_DELAY,0,0,,true,false
LAB_TYPES,2,1,50,true,false
survey,4,4,100,false,
ocan.iar.idPrefix,4,0,0,true,false
receptionist_alt_view,2,2,100,true,false
ticklerplus,26,26,100,true,true
project_home,48,0,0,true,false
CML_LABS,6,0,0,true,true
encounter.custom_cpp_issues,5,0,0,false,
faxKeystore,1,0,0,true,false
util.erx.version,1,0,0,true,false
mcedt.logging.skip,2,2,100,true,false
eform_image,13,0,0,true,false
born_sftp_host,0,0,,true,false
db_remove_abandoned_timeout,0,0,,true,false
primary_care_incentive,1,0,0,false,
inboxmnger,2,2,100,false,
OSCAR_LEARNING,6,5,83,false,
ENABLE_CME_ON_REG_INTAKE,1,1,100,false,
db_max_active,0,0,,true,false
default_search_mode,9,0,0,true,false
ECHART_VERSIGN_LINE,1,0,0,true,false
clinicSatelliteFax,6,0,0,false,
cme_js,2,0,0,false,
appt_formview,2,2,100,false,
hibernate.show_sql,0,0,,true,false
otherMedications,6,3,50,false,
FORMS_PROMOTEXT,23,8,34,true,false
born_eform_ndds30m,1,0,0,true,false
clinic_code,4,2,50,false,
born_orgid,1,0,0,false,
WKHTMLTOPDF_COMMAND,1,0,0,true,false
INTEGRATOR_USER,1,0,0,true,false
ENABLE_PREVENTION_BILLING,0,0,,true,false
util.erx.clinic_password,2,0,0,true,false
DEBUG,2,2,100,false,
IMMUNIZATION_IN_PREVENTION,1,1,100,true,true
eform_fax_enabled,1,1,100,true,false
oscar_myoscar_sync_component_url,5,0,0,true,false
ONEDT_SENT,2,0,0,true,false
MY_DRUGREF_URL,2,0,0,false,
clinic_no,22,7,31,true,false
HL7_RECEIVING_FACILITY,1,0,0,false,
born18m_eform_rourke,6,0,0,true,false
login_max_failed_times,2,0,0,true,false
intake.readonly_dates,1,1,100,false,
refresh.encounterLayout.jsp,1,0,0,true,false
disable.patientList.tab.recent,1,1,100,false,
CONSULTATION_PATIENT_WILL_BOOK,3,3,100,true,false
referral_menu,2,2,100,true,false
pdfLabelMRP,1,0,0,true,false
caisi.search.workflow,3,2,66,true,true
eaaps.ws.pass,1,0,0,false,
BC_BILLING_CODE_MANAGEMENT,3,3,100,false,
ar2005_enhance,28,28,100,false,
INCOMINGDOCUMENT_DIR,2,0,0,true,false
clinicurl,2,1,50,false,
DEFAULT_PHS_PROVIDER,2,1,50,false,
CASELOAD_DEFAULT_ALL_PROVIDERS,0,0,,true,false
email.recipient_override,0,0,,true,false
cr_security,1,1,100,true,false
showSexualHealthLabel,2,2,100,true,false
email.protocol,0,0,,true,false
spire_download_dir,1,0,0,true,false
form_record_path,2,0,0,true,false
WORKFLOW_DS_DIRECTORY,2,0,0,true,false
db_uri,2,0,0,true,false
ldap.url,1,0,0,true,false
HL7_SENDING_APPLICATION,1,0,0,false,
born18m_sftp_port,0,0,,true,false
tickler_email_from_address,1,0,0,true,false
drug_allergy_interaction_warnings,1,1,100,false,
ENCOUNTER_TIME_MANDATORY,1,0,0,true,true
rma_enabled,17,17,100,true,false
invoice_reports.print.hide_name,1,1,100,true,false
mcedt.keystore.pass,2,0,0,true,false
appt_status_here,1,0,0,true,false
AdtA09Handler.CHECK_IN_LATE_ALLOWANCE,0,0,,true,false
E2E_DIFF_DAYS,1,0,0,true,false
mydrugref_id,1,0,0,false,
oscar_port,3,0,0,true,false
invoice_due_date,10,6,60,true,false
ONTARIO_MD_INCOMINGREQUESTOR,6,5,83,true,true
DOC_FORWARD,1,0,0,true,false
appt_reminder_mime,1,0,0,false,
file_separator,6,0,0,false,
resource_base_url,6,0,0,true,false
CONSULTATION_AUTO_INCLUDE_MEDICATIONS,1,1,100,true,true
hcv.service.user,1,0,0,true,false
appointment_locking_timeout,1,0,0,true,false
template_time,2,1,50,false,
redirectstudysite_default_password,1,0,0,true,false
oscarClinicDefaultProgram,1,0,0,false,
showPrimaryCarePhysicianCheck,3,3,100,true,true
backup_path,2,0,0,true,false
ALLERGIES_SIMPLE_SEARCH,1,1,100,false,
born_env,1,0,0,true,false
MY_OSCAR_EXCHANGE_INTERVAL,0,0,,true,false
clinicSatelliteProvince,6,0,0,false,
VMSTAT_LOGGING_PERIOD,1,0,0,true,false
hsfo2.loginSiteCode,9,6,66,false,
tickler_edit_enabled,3,3,100,true,false
CBI_WS_USERNAME,1,0,0,true,false
workflow_enhance,12,12,100,true,false
hsfo2.loginPassword,1,0,0,false,
QR_CODE_ENABLED_PROVIDER_DEFAULT,1,1,100,true,false
ONEDT_ARCHIVE,1,0,0,true,false
dataCenterId,12,0,0,true,false
OMD_HRM_AUTH_KEY_FILENAME,1,0,0,true,false
RXFAX,2,2,100,true,true
msp_error_codes,5,2,40,true,false
log_accesses_of_client,1,1,100,false,
db_password,4,0,0,true,false
OLIS_SENDING_APPLICATION,1,0,0,true,false
AUTO_GENERATE_PROVIDER_NO,1,1,100,true,false
displayNotesOnScheduleScreen,2,2,100,true,false
ALLOW_UPDATE_DOCUMENT_CONTENT,3,3,100,true,false
oscar.measurements.hl7.password,1,0,0,false,
mcedt.keystore.user,2,0,0,true,false
meditech_id,3,3,100,true,true
NEW_CME_SWITCH,1,1,100,true,true
faxLogo,4,2,50,true,false
default_schedule_viewall,1,1,100,true,true
rx.default_instruction,1,0,0,false,
form_intake_program_cash_fid,1,0,0,true,false
use_lab_clientreference,2,2,100,true,false
SHOW_APPT_REASON_TOOLTIP,1,1,100,false,
HL7_A04_TRANSPORT_ADDR,0,0,,true,false
ws_endpoint_url_base,4,0,0,true,false
db_driver,2,0,0,true,false
WKHTMLTOPDF_ARGS,1,0,0,true,false
login_local_ip,3,3,100,true,false
INTEGRATOR_FORCE_FULL,1,1,100,true,true
hcv.service.pass,1,0,0,true,false
hsfo_job_run_as_provider,2,0,0,true,false
olis_ssl_keystore,1,0,0,true,false
hsfo2.xmlVersionDate,1,0,0,false,
born_eform_sumrptmarkers,1,0,0,true,false
CONSULT_PHYSICIAN_IS_REFERRING,1,1,100,false,
shared_outcomes_dashboard_send_url,1,0,0,false,
USE_CAISI_LOGO,9,9,100,true,true
legacy_document_upload_enabled,1,1,100,false,
indivica_hc_read_enabled,4,4,100,true,false
TICKLERSAVEVIEW,1,1,100,false,
born18m_env,1,0,0,true,false
encounter.empty_new_note,4,4,100,false,
vendorId,3,0,0,true,false
born18m_sftp_password,0,0,,true,false
AUTO_FILE_LABS,6,0,0,false,
OCAN_warning_window,2,2,100,true,true
group_billing_providerNo,2,0,0,false,
born_eform_ndds1m2m,1,0,0,true,false
allergies.include_ahfs_class_in_results,1,0,0,false,
faxURI,1,0,0,true,false
born_eform_ndds3y,1,0,0,true,false
specialencounter,2,2,100,false,
born_sftp_port,0,0,,true,false
FILTER_ON_FACILITY,10,10,100,true,false
OMD_HRM_REMOTE_DIR,1,0,0,true,false
email.password,0,0,,true,false
password.pastPasswordsToNotUse,1,0,0,true,false
invoice_head_logo_doctype,1,0,0,true,false
OMD_HRM_IP,1,0,0,true,false
born_eform_rourke,1,0,0,true,false
SHOW_PREVENTION_STOP_SIGNS,2,2,100,false,
demographicExt,15,7,46,true,false
demo_uhip_status,2,0,0,false,
born_scheduler_job_run_as_provider,1,0,0,true,false
TMP_DIR,10,1,10,true,false
oscarMeasurements.orderGroupById,2,2,100,true,false
demographicExtForm,6,3,50,false,
allergies.flat_results,3,3,100,false,
oscarcomm,2,2,100,true,true
TA_FORWARD,1,0,0,true,false
TELEPLAN_URL,1,0,0,false,
RX3,3,2,66,true,true
ORGROOT,1,0,0,false,
orn_labreqver,1,0,0,true,false
prenatal_screening_eform_group,2,0,0,true,false
E2E_URL,1,0,0,true,false
RENAL_DOSING_DS,3,3,100,true,true
rx3.disable_allergy_warnings,1,0,0,false,
mymeds_job_run_as_provider,1,0,0,true,false
allergies.search_right_wildcard_only,1,0,0,false,
EA_FORWORD,0,0,,true,false
hcv.service.conformanceKey,1,0,0,true,false
clinicaid_instance_name,1,0,0,true,false
COUNSELING_CODES,1,0,0,true,false
EMERALD_HL7_A04_TRANSPORT_TASK,1,1,100,false,
caisi,67,65,97,true,true
CMESort,3,0,0,true,false
clinicaid_domain,2,0,0,true,false
RA_FORWORD,1,0,0,true,false
demographicLabelPostal,6,3,50,false,
eDocAddTypeDefault,2,0,0,false,
DEBUG.PREVENTION,1,1,100,false,
clientdropbox,4,4,100,true,false
born_eform_ndds5y,1,0,0,true,false
IMMUNIZATION,2,2,100,false,
INTEGRATOR_COMPRESSION_ENABLED,1,1,100,true,false
topaz_enabled,3,3,100,false,
billing_template_file,1,0,0,false,
skip_postal_code_validation,1,1,100,true,false
pathnet_password,1,0,0,true,false
olis_polling_facility,1,0,0,true,false
IS_PIN_ENCRYPTED,1,1,100,true,false
INACTIVITY_LIMIT_MINS,1,0,0,false,
PREVENTION_FILE,3,0,0,true,false
CDM_ALERTS,1,0,0,true,false
billing_pCode_E078A,1,0,0,false,
print.useCurrentProgramInfoInHeader,1,1,100,true,false
surveillance_config_file,1,0,0,true,false
isNewONbilling,12,12,100,true,true
clinicDocBillingNoList,2,0,0,false,
CLINIC_LOGO_FILE,1,0,0,false,
BC_DEFAULT_ALT_BILLING,2,2,100,true,true
OMD_directory,1,0,0,true,false
OLD_LAB_UPLOAD,3,3,100,false,
encounter.hide_cpp_notes,1,1,100,false,
ALT_DISCHARGE_REASON,0,0,,true,false
born_eform_ndds4m,1,0,0,true,false
billing_pCode,3,1,33,false,
hcv.type,1,0,0,true,false
mcedt.service.designated.ids,1,0,0,true,false
born_author_oid,1,0,0,false,
eaaps.debug,1,1,100,false,
born_eform_ndds4y,1,0,0,true,false
orn.default_mrp,2,0,0,false,
INTEGRATOR_LOCAL_STORE,12,12,100,true,true
consultation_dynamic_labelling_enabled,2,2,100,true,false
TOMCAT_KEYSTORE_PASSWORD,3,0,0,true,false
defaultsex,1,0,0,true,false
CONSULTATION_APPOINTMENT_INSTRUCTIONS_LOOKUP,2,2,100,true,true
CBI_JOB_INTERVAL,0,0,,true,false
DOCUMENT_DOWNLOAD_METHOD,2,0,0,true,false
eaaps.user,1,0,0,false,
drugref_route,3,0,0,true,false
eform_signature_enabled,1,1,100,true,false
scheduleSiteID,11,6,54,true,false
pdfFORMDIR,3,0,0,true,false
rx.policy,1,0,0,false,
born_sftp_password,0,0,,true,false
hl7_a04_fail_dir,1,0,0,true,false
program,2,2,100,true,true
ontariomd_cds_diabetes_link,1,0,0,true,false
roster_Status,0,0,,true,false
OMD_downloads,2,0,0,true,false
ckd_notification_receiver,1,0,0,true,false
new_label_print,6,6,100,true,false
mc_number,2,2,100,true,true
SINGLE_PAGE_CHART,2,2,100,true,false
hcv.service.id,1,0,0,true,false
oncall,3,3,100,false,
visittype,1,0,0,true,false
seconds_till_considered_stale,4,0,0,true,false
db_remove_abandoned,0,0,,true,true
hsfo.loginPassword,1,0,0,true,false
QUATRO_SHELTER,1,0,0,false,
PREVENTION_CLASSIC_VIEW,1,1,100,false,
shared_outcomes_dashboard_key,1,0,0,false,
ModuleNames,10,7,70,true,false
PREVENTION,3,3,100,true,true
RX_ALLERGY_CHECKING,1,1,100,true,true
new_flowsheet_enabled,1,1,100,true,false
clinicSatellitePostal,6,0,0,false,
email.username,0,0,,true,false
db_name,4,0,0,true,false
warnOnDeleteBill,1,1,100,true,false
db_log_abandoned,0,0,,true,true
util.erx.oscarRx_sso_url,1,0,0,false,
phoneprefix,1,0,0,true,false
ONEDT_INBOX,7,0,0,true,false
ECT_AUTOSAVE_TIMER,1,0,0,true,false
hl7_a04_build_dir,1,0,0,true,false
appt_formTbl,2,0,0,true,false
disableTelProgressNoteTitleInEncouterNotes,4,4,100,false,
olis_returned_cert,2,1,50,true,false
IGNORE_PASSWORD_REQUIREMENTS,5,5,100,true,false
DATE_FORMAT,1,0,0,true,false
ENABLE_CONFORMANCE_ONLY_FEATURES,2,2,100,true,false
surveillance_directory,2,0,0,true,false
EMAIL_REFERRAL,2,2,100,false,
cobalt,0,0,,true,false
appt_reminder_template,1,0,0,false,
currentMedications,1,1,100,false,
lab_req_include_chartno,2,2,100,true,false
clinic_hospital,2,0,0,false,
password_group_lower_chars,2,0,0,true,false
NEW_CONTACTS_UI_EXTERNAL_CONTACT,1,1,100,true,false
eaaps.enabled,4,4,100,true,false
db_max_idle,0,0,,true,false
form_intake_program_access_fid,1,0,0,true,false
lab.other_id_matching,1,0,0,false,
myOSCAR.url,2,0,0,true,false
email.host,0,0,,true,false
oscarMeasurement_css_download_method,0,0,,true,false
HL7_COMPLETED_DIR,2,1,50,false,
ECHART_LINK,1,0,0,false,
rx.search_right_wildcard_only,1,0,0,false,
OMD_HRM_USER,1,0,0,true,false
CBI_REMINDER_WINDOW,2,2,100,true,false
PATHNET_LABS,9,3,33,true,true
rx_fax_enabled,1,1,100,true,false
label.gap,1,0,0,true,false
born_eform_ndds18m,1,0,0,true,false
ldap.enabled,1,1,100,true,false
visitlocation,1,0,0,true,false
SPEC3,2,2,100,false,
MANUALLY_CLEANUP_WL,1,0,0,false,
clinicSatelliteAddress,6,0,0,false,
CBI_WS_CLIENT_QNAME,1,0,0,true,false
web_service_client.received_timeout_ms,1,0,0,true,false
NOT_FOR_CAISI,3,3,100,false,
born18m_sftp_host,0,0,,true,false
TOMCAT_TRUSTSTORE_FILE,3,0,0,true,false
eaaps.knownHosts,1,0,0,false,
WORKFLOW,2,2,100,false,
TRANSPORTATION_TIME_MANDATORY,0,0,,true,false
sharingcenter.enabled,2,2,100,true,false
pdfLabelApptProvider,1,0,0,true,false
hybrid_billing,2,2,100,false,
BILLING_REVIEW_AUTO_PAYMENT,1,1,100,true,false
tickler_warn_period,2,0,0,true,false
showRxChartNo,3,3,100,true,false
OnCallClinic,1,1,100,true,true
login_lock,2,2,100,false,
drugref_route_search,3,3,100,true,false
CBI_REMIND_ON_UPDATE_DEMOGRAPHIC,1,1,100,true,false
SERVERLOGGING,3,3,100,false,
ocan.iar.url,1,0,0,true,false
mandatory_password_reset,5,5,100,true,true
PGP_KEY,1,0,0,true,false
shared_outcomes_dashboard_host,3,0,0,false,
tickler_email_enabled,3,3,100,true,false
prenatal_screening_abbrv,2,0,0,true,false
hsfo.loginSiteCode,9,6,66,true,false
lab_req_billing_no,4,2,50,true,false
MY_OSCAR,0,0,,true,false
util.erx.vendor,1,0,0,true,false
confirmAck,2,2,100,true,false
streethealth,0,0,,true,true
phs_star.program_file,1,0,0,false,
prevention_show_comments,4,4,100,true,false
phs.default_program,1,0,0,false,
tickler_default_assigned_provider,1,1,100,true,false
util.erx.webservice_url,2,0,0,true,false
pmm.client.search.outside.of.domain.enabled,7,6,85,true,true
CBI_WS_PASSWORD,1,0,0,true,false
LOGGING_PATH,2,0,0,false,
MDS_LABS,6,0,0,true,true
shared_outcomes_dashboard_clinic_id,2,0,0,false,
maxTmpSave,1,0,0,true,true
printPDF_referring_prac,1,1,100,true,false
PAYEE,3,0,0,false,
olis_truststore,1,0,0,true,false
olis_keystore,5,0,0,true,false
CONSULTATION_AUTO_INCLUDE_ALLERGIES,1,1,100,true,true
security.token.expiry,1,0,0,false,
NEW_USER_PIN_CONTROL,2,2,100,false,
faxIdentifier,1,0,0,true,false
fax_clinic_id,1,0,0,true,false
INTEGRATOR_UPDATE_PERIOD,0,0,,true,false
showRxHin,3,3,100,true,false
clinicSatelliteName,11,5,45,false,
Epsilon_LABS,4,0,0,true,true
ENABLE_EDIT_APPT_STATUS,7,3,42,true,true
util.erx.clinic_training_mode,2,2,100,true,false
password_group_upper_chars,2,0,0,true,false
showEmploymentStatus,3,3,100,true,true
onBillingSingleClick,2,2,100,false,
EMERALD_HL7_A04_TRANSPORT_PORT,1,0,0,false,
rx_signature_enabled,1,1,100,true,true
ocan.iar.user,1,0,0,true,false
program_domain.show_echart,1,1,100,true,false
INCOMINGDOCUMENT_RECYCLEBIN,2,2,100,true,true
useProgramLocation,4,1,25,true,false
refresh.appointmentprovideradminday.jsp,1,0,0,true,false
scheduleSiteColor,2,0,0,false,
consultation_fax_enabled,2,2,100,true,false
shared_outcomes_dashboard_url,1,0,0,false,
born_orgcode,2,0,0,true,false
enable_rx_custom_methodone_suboxone,0,0,,true,false
born18m_sftp_remote_dir,1,0,0,true,false
COMMUNITY_ISSUE_CODETYPE,3,2,66,true,false
OSCAR_START_TIME,1,0,0,true,false
caisi.require_issue,1,0,0,false,
oscar.measurements.hl7.datetime.format,1,0,0,false,
HL7_A04_TRANSPORT_PORT,0,0,,true,false
multisites,2,2,100,true,true
wl_default_issue,1,1,100,true,false
privateConsentEnabled,8,4,50,true,true
caisi.cds.restrict_by_program_domain,1,1,100,true,false
oscarMeasurement_css,0,0,,true,false
OMD_HRM_PORT,1,0,0,true,false
email.print_instead_of_send,0,0,,true,true
SHOW_ODB_LINK,1,1,100,false,
K2A_URL,1,0,0,false,
born18m_eform_ndds,6,0,0,true,false
NEW_BC_TELEPLAN,9,9,100,true,true
indivica_rich_text_letter_enabled,1,1,100,true,false
olis_ssl_keystore_password,2,0,0,true,false
CONSULT_PRINT_ALT,1,1,100,false,
TESTING,0,0,,true,true
hsfo2.isTest,1,1,100,false,
SUPERUSER,0,0,,true,false
HL7_SENDING_FACILITY,1,0,0,false,
MOST_RECENT_PATIENT_LIST_SIZE,2,0,0,false,
